,city id,city,country,latitude,longitute,temperature(C),humidity(%),wind speed(mps),cloud(%),receive date
0,3670218,San Andrés,CO,12.5847,-81.7006,27.01,89,1.03,75,20-06-2022 13:49:34
1,2173911,Broken Hill,AU,-31.95,141.4333,17.31,35,6.03,76,20-06-2022 13:49:35
2,110690,Faya,SA,18.3851,42.4509,21.29,40,0.87,100,20-06-2022 13:49:36
3,3389822,Salinópolis,BR,-0.6136,-47.3561,25.48,86,4.75,100,20-06-2022 13:49:36
4,1106677,Bambous Virieux,MU,-20.3428,57.7575,19.14,88,2.06,40,20-06-2022 13:48:32
5,3652764,Puerto Ayora,EC,-0.7393,-90.3518,21.42,96,1.79,90,20-06-2022 13:49:38
6,4030556,Rikitea,PF,-23.1203,-134.9692,22.1,59,8.85,91,20-06-2022 13:49:38
7,3355672,Lüderitz,NA,-26.6481,15.1594,11.88,87,6.11,12,20-06-2022 13:49:39
8,2377457,Nouadhibou,MR,20.931,-17.0347,23.99,83,1.03,83,20-06-2022 13:49:40
9,1649150,Bengkulu,ID,-3.8004,102.2655,26.34,85,4.71,60,20-06-2022 13:49:40
10,4726521,San Patricio,US,28.017,-97.5169,27.53,80,3.79,5,20-06-2022 13:49:41
11,3356832,Henties Bay,NA,-22.116,14.2845,11.36,88,2.73,1,20-06-2022 13:49:42
12,1337619,Ugoofaaru,MV,5.6667,73.0,28.09,74,4.96,55,20-06-2022 13:49:43
13,1267390,Kavaratti,IN,10.5669,72.642,27.88,77,6.65,99,20-06-2022 13:49:43
14,2450173,Taoudenni,ML,22.6783,-3.9836,32.17,28,4.86,85,20-06-2022 13:49:44
15,100926,Umluj,SA,25.0213,37.2685,29.27,57,4.69,5,20-06-2022 13:49:45
16,3671387,Puerto Nariño,CO,-3.7703,-70.3831,22.4,81,0.48,100,20-06-2022 13:49:45
17,2414925,Telimele,GN,10.9167,-13.3333,19.95,98,0.97,99,20-06-2022 13:49:46
18,2638419,Scarborough,GB,54.2797,-0.4044,11.13,82,1.34,54,20-06-2022 13:49:47
19,4020109,Atuona,PF,-9.8,-139.0333,25.45,78,7.71,30,20-06-2022 13:49:48
20,1735106,George Town,MY,5.4112,100.3354,29.98,74,2.57,20,20-06-2022 13:49:48
21,1052373,Beira,MZ,-19.8436,34.8389,16.05,94,2.06,20,20-06-2022 13:49:49
22,6355222,Yulara,AU,-25.2406,130.9889,22.99,23,2.78,0,20-06-2022 13:49:50
23,3361934,Saldanha,ZA,-33.0117,17.9442,9.03,76,5.68,1,20-06-2022 13:49:51
24,1255619,Srīvardhan,IN,18.0333,73.0167,27.58,81,3.63,100,20-06-2022 13:49:51
25,60019,Eyl,SO,7.9803,49.8164,26.52,62,12.11,83,20-06-2022 13:49:52
26,2071860,Esperance,AU,-33.8667,121.9,15.15,71,5.32,98,20-06-2022 13:49:53
27,1562798,Vinh,VN,18.6667,105.6667,35.5,46,4.47,100,20-06-2022 13:48:25
28,3408424,Ipixuna,BR,-1.7625,-48.8043,22.05,98,1.5,99,20-06-2022 13:49:54
29,949683,Thabazimbi,ZA,-24.5917,27.4116,14.0,59,1.46,0,20-06-2022 13:49:55
30,1154689,Ko Samui,TH,9.5357,99.9357,32.95,62,3.6,20,20-06-2022 13:49:55
31,3647444,Calabozo,VE,8.9242,-67.4293,24.03,71,2.04,48,20-06-2022 13:49:56
32,3665315,Anori,BR,-3.7728,-61.6442,22.89,94,0.82,48,20-06-2022 13:49:57
33,1651810,Airai,TL,-8.9266,125.4092,22.29,42,1.78,76,20-06-2022 13:49:57
34,3372707,Ribeira Grande,PT,38.5167,-28.7,17.46,75,9.75,25,20-06-2022 13:49:58
35,64814,Bandarbeyla,SO,9.4942,50.8122,27.09,59,12.53,65,20-06-2022 13:49:59
36,3394023,Natal,BR,-5.795,-35.2094,25.12,88,2.06,20,20-06-2022 13:47:34
37,6929460,Panzhihua,CN,26.5851,101.7128,30.19,54,1.41,71,20-06-2022 13:50:01
38,4026082,Lázaro Cárdenas,MX,17.9583,-102.2,26.77,79,1.76,99,20-06-2022 13:47:22
39,1282256,Hithadhoo,MV,-0.6,73.0833,28.2,72,4.21,93,20-06-2022 13:50:02
40,3466980,Caravelas,BR,-17.7125,-39.2481,21.25,83,2.07,1,20-06-2022 13:50:03
41,1275901,Bhiwandi,IN,19.3,73.0667,25.92,76,5.43,100,20-06-2022 13:50:04
42,2445704,Diffa,NE,13.3154,12.6113,27.49,52,5.26,53,20-06-2022 13:50:05
43,415189,Aden,YE,12.7794,45.0367,31.78,69,5.8,100,20-06-2022 13:50:06
44,1636426,Manggar,ID,-2.8833,108.2667,27.48,82,4.01,84,20-06-2022 13:50:07
45,4565090,Guánica,PR,17.9716,-66.908,25.07,83,2.22,20,20-06-2022 13:50:07
46,2070998,Geraldton,AU,-28.7667,114.6,19.23,72,4.12,0,20-06-2022 13:50:08
47,3516171,Barra de Tecoanapa,MX,16.5167,-98.75,24.76,88,1.85,100,20-06-2022 13:50:09
48,3453512,Pirenópolis,BR,-15.8525,-48.9592,20.27,48,2.46,0,20-06-2022 13:50:10
49,2331005,Malumfashi,NG,11.7853,7.6218,24.08,70,3.26,2,20-06-2022 13:50:10
50,3374210,São Filipe,CV,14.8961,-24.4956,23.25,94,5.32,100,20-06-2022 13:50:11
51,1259385,Port Blair,IN,11.6667,92.75,30.02,79,3.09,40,20-06-2022 13:50:12
52,1054463,Tsiroanomandidy,MG,-18.7667,46.0333,15.07,78,0.96,24,20-06-2022 13:50:13
53,2074865,Carnarvon,AU,-24.8667,113.6333,21.2,59,6.14,0,20-06-2022 13:50:13
54,4004293,Ixtapa,MX,20.7,-105.2,27.9,85,0.45,91,20-06-2022 13:50:14
55,3471451,Arraial do Cabo,BR,-22.9661,-42.0278,20.36,74,5.04,28,20-06-2022 13:50:15
56,5122534,Jamestown,US,42.097,-79.2353,14.04,71,2.06,0,20-06-2022 13:47:58
57,2303611,Esim,GH,4.8699,-2.2405,24.12,91,1.6,98,20-06-2022 13:50:16
58,178443,Wajir,KE,1.7471,40.0573,23.98,73,0.0,75,20-06-2022 13:50:17
59,5364271,Laguna,US,38.421,-121.4238,24.93,35,4.12,0,20-06-2022 13:50:18
60,934479,Grand Gaube,MU,-20.0064,57.6608,20.21,74,0.89,0,20-06-2022 13:50:19
61,2449893,Tessalit,ML,20.1986,1.0114,30.51,29,2.87,77,20-06-2022 13:50:19
62,3401845,Conceição do Araguaia,BR,-8.2578,-49.2647,22.54,50,0.7,9,20-06-2022 13:50:20
63,3580477,West Bay,KY,19.3667,-81.4167,27.83,82,5.14,100,20-06-2022 13:50:21
64,1628884,Sampit,ID,-2.5333,112.95,30.47,67,0.81,32,20-06-2022 13:50:22
65,145531,Saurimo,AO,-9.6608,20.3916,12.72,53,1.83,86,20-06-2022 13:50:22
66,2171099,Codrington,AU,-38.2667,141.9667,11.34,81,9.44,100,20-06-2022 13:50:23
67,3904043,Sorata,BO,-15.7667,-68.6333,3.77,76,0.32,23,20-06-2022 13:50:24
68,1702944,Malayal,PH,7.208,121.942,29.89,71,1.64,99,20-06-2022 13:50:24
69,1106643,Quatre Cocos,MU,-20.2078,57.7625,20.05,69,5.41,3,20-06-2022 13:50:25
70,1566559,Tay Ninh,VN,11.3,106.1,32.04,62,2.69,88,20-06-2022 13:50:26
71,3899539,Antofagasta,CL,-23.65,-70.4,12.6,74,1.68,16,20-06-2022 13:49:22
72,1272648,Dibrugarh,IN,27.4833,94.9,26.03,89,3.6,75,20-06-2022 13:50:28
73,3663142,Novo Aripuanã,BR,-5.1206,-60.3797,23.12,83,0.46,46,20-06-2022 13:50:28
74,2239862,Malanje,AO,-9.5402,16.341,12.11,95,1.84,12,20-06-2022 13:50:29
75,2327827,Ogaminana,NG,7.5946,6.2248,21.86,98,1.58,91,20-06-2022 13:50:30
76,3625710,Upata,VE,8.0086,-62.3989,22.88,94,2.45,32,20-06-2022 13:50:31
77,1045114,Inhambane,MZ,-23.865,35.3833,18.81,81,2.18,4,20-06-2022 13:47:21
78,3670700,Risaralda,CO,5.1665,-75.766,17.97,99,0.48,97,20-06-2022 13:50:32
79,3105522,Bereda,ES,43.2686,-7.5406,11.19,100,0.93,100,20-06-2022 13:50:32
80,3397893,Itacoatiara,BR,-3.1431,-58.4442,23.26,90,1.2,75,20-06-2022 13:50:33
81,3869716,Tocopilla,CL,-22.092,-70.1979,15.49,64,1.72,4,20-06-2022 13:50:34
82,4013679,Coahuayana Viejo,MX,18.7333,-103.6833,26.05,83,0.11,83,20-06-2022 13:50:35
83,6255012,Flinders,AU,-34.5833,150.8552,17.25,78,1.34,100,20-06-2022 13:47:01
84,1819729,Hong Kong,HK,22.2855,114.1577,30.39,81,7.15,99,20-06-2022 13:48:31
85,1633419,Padang,ID,-0.9492,100.3543,28.03,84,1.96,100,20-06-2022 13:50:37
86,1180295,Dera Bugti,PK,29.0307,69.151,29.03,55,4.06,86,20-06-2022 13:50:38
87,5855927,Hilo,US,19.7297,-155.09,24.96,77,4.63,40,20-06-2022 13:50:27
88,104515,Makkah al Mukarramah,SA,21.4267,39.8261,30.62,44,1.26,52,20-06-2022 13:50:39
89,2259655,Impfondo,CG,1.6381,18.0667,19.66,96,0.48,97,20-06-2022 13:50:40
90,1307741,Myitkyina,MM,25.3833,97.4,25.95,88,0.32,96,20-06-2022 13:50:41
91,1738050,Marabu,MY,4.4148,114.0089,26.08,89,4.12,40,20-06-2022 13:50:41
92,3893726,Constitución,CL,-35.3333,-72.4167,10.27,66,1.85,100,20-06-2022 13:50:42
93,3893726,Constitución,CL,-35.3333,-72.4167,10.27,66,1.85,100,20-06-2022 13:50:43
94,2264557,Ponta do Sol,PT,32.6667,-17.1,19.18,65,3.93,89,20-06-2022 13:50:44
95,3092472,Malbork,PL,54.0359,19.0266,13.7,93,2.99,100,20-06-2022 13:50:44
96,1637001,Biak,ID,-0.9131,122.8766,25.3,82,1.87,98,20-06-2022 13:50:45
97,1244926,Hambantota,LK,6.1241,81.1185,29.19,84,6.17,20,20-06-2022 13:50:46
98,4738723,Uvalde,US,29.3669,-99.767,31.08,31,6.17,0,20-06-2022 13:50:47
99,3404862,Brejo da Madre de Deus,BR,-8.1458,-36.3711,18.15,96,2.4,45,20-06-2022 13:50:48
100,3628473,San Cristobal,VE,7.7669,-72.225,20.1,96,1.18,46,20-06-2022 13:50:49
101,2409751,Buedu,SL,8.2803,-10.3719,20.25,100,1.1,70,20-06-2022 13:50:50
102,1214488,Meulaboh,ID,4.1363,96.1285,28.25,73,1.0,89,20-06-2022 13:50:50
103,2240449,Luanda,AO,-8.8368,13.2343,21.0,83,3.6,75,20-06-2022 13:49:58
104,3702577,Portobelo,PA,9.55,-79.65,24.33,82,1.76,98,20-06-2022 13:50:52
105,6620339,Karratha,AU,-20.7377,116.8463,26.49,35,7.47,0,20-06-2022 13:50:52
106,3382160,Cayenne,GF,4.9333,-52.3333,25.61,1,0.0,20,20-06-2022 13:50:53
107,364933,Umm Kaddadah,SD,13.6017,26.6876,28.29,47,4.39,95,20-06-2022 13:50:54
108,1642773,Japura,ID,-0.3167,102.35,23.41,98,1.04,100,20-06-2022 13:50:55
109,2079582,Alyangula,AU,-13.8483,136.4192,27.07,62,5.56,93,20-06-2022 13:50:55
110,3393692,Itarema,BR,-2.9248,-39.9167,24.54,89,4.89,1,20-06-2022 13:50:56
111,1337617,Muli,MV,2.9167,73.5667,28.54,70,4.39,47,20-06-2022 13:50:57
112,2514651,Los Llanos de Aridane,ES,28.6585,-17.9182,17.29,92,5.14,100,20-06-2022 13:50:58
113,3445026,Vila Velha,BR,-20.3297,-40.2925,19.41,95,1.03,100,20-06-2022 13:50:58
114,923058,Kambove,CD,-10.8764,26.5969,10.9,65,1.64,10,20-06-2022 13:50:59
115,1630639,Pringsewu,ID,-5.3582,104.9744,30.28,60,1.43,8,20-06-2022 13:51:00
116,3985710,Cabo San Lucas,MX,22.8909,-109.9124,28.06,82,1.27,38,20-06-2022 13:46:37
117,1687894,Santa Rosa,PH,14.3122,121.1114,32.58,62,1.83,16,20-06-2022 13:51:01
118,3883457,Lebu,CL,-37.6167,-73.65,10.56,94,4.59,100,20-06-2022 13:51:02
119,368246,Raja,SS,8.4596,25.678,20.24,96,0.87,100,20-06-2022 13:51:03
120,3460594,Itatinga,BR,-23.1017,-48.6158,11.08,96,1.67,91,20-06-2022 13:51:04
121,1067565,Beloha,MG,-25.1667,45.05,14.52,90,2.95,0,20-06-2022 13:51:04
122,1267173,Khairāgarh,IN,26.95,77.8167,31.62,49,2.22,0,20-06-2022 13:51:05
123,3576994,Cockburn Town,TC,21.4612,-71.1419,27.28,79,9.54,100,20-06-2022 13:51:06
124,2656847,Atherton,GB,53.5237,-2.4935,8.35,85,1.87,0,20-06-2022 13:51:07
125,962367,Richards Bay,ZA,-28.783,32.0377,17.93,81,2.11,92,20-06-2022 13:51:07
126,1024552,Xai-Xai,MZ,-25.0519,33.6442,15.97,92,1.22,0,20-06-2022 13:51:08
127,2357163,Nouna,BF,12.7333,-3.8667,27.82,57,3.3,23,20-06-2022 13:51:09
128,2521582,Arona,ES,28.0996,-16.681,17.5,76,6.17,75,20-06-2022 13:46:44
129,3935624,Macusani,PE,-14.0833,-70.4333,0.17,68,1.3,5,20-06-2022 13:51:10
130,1790959,Taicheng,CN,38.731,113.228,29.49,34,1.38,5,20-06-2022 13:51:11
131,3579925,St. George's,GD,12.0564,-61.7485,26.82,78,7.72,20,20-06-2022 13:51:11
132,1255713,Sorab,IN,14.3833,75.1,25.85,67,4.76,98,20-06-2022 13:51:13
133,2082539,Merauke,ID,-8.4667,140.3333,25.53,89,3.94,100,20-06-2022 13:51:13
134,293842,Kiryat Gat,IL,31.61,34.7642,20.08,100,0.3,0,20-06-2022 13:51:14
135,3428068,San Vicente,AR,-26.6167,-54.1333,9.58,98,0.76,27,20-06-2022 13:51:15
136,2068110,Kununurra,AU,-15.7667,128.7333,30.99,23,7.2,88,20-06-2022 13:51:15
137,1337301,Jakar,BT,27.5492,90.7525,15.83,94,1.21,100,20-06-2022 13:51:16
138,1850523,Tateyama,JP,34.9833,139.8667,23.08,91,8.08,100,20-06-2022 13:51:17
139,1215502,Banda Aceh,ID,5.5577,95.3222,29.46,64,1.74,74,20-06-2022 13:51:18
140,3448455,São Miguel do Araguaia,BR,-13.275,-50.1628,21.66,37,1.67,0,20-06-2022 13:51:18
141,933815,Dekar,BW,-21.5333,21.9333,13.12,47,5.45,0,20-06-2022 13:51:19
142,3581194,San Ignacio,BZ,17.1561,-89.0714,23.08,100,0.0,0,20-06-2022 13:51:20
143,3893629,Coquimbo,CL,-29.9533,-71.3436,9.85,93,2.06,20,20-06-2022 13:51:21
144,3359638,Walvis Bay,NA,-22.9575,14.5053,12.53,94,3.09,4,20-06-2022 13:51:16
145,933211,Nokaneng,BW,-19.6667,22.2667,12.34,51,3.6,3,20-06-2022 13:51:22
146,216281,Goma,CD,-1.6792,29.2228,16.86,86,0.92,89,20-06-2022 13:51:23
147,935215,Saint-Philippe,RE,-21.3585,55.7679,17.77,76,6.75,77,20-06-2022 13:51:24
148,1006984,East London,ZA,-33.0153,27.9116,13.52,88,2.57,20,20-06-2022 13:46:29
149,1255981,Sītāmau,IN,24.0167,75.35,30.53,58,7.52,7,20-06-2022 13:51:25
150,108410,Riyadh,SA,24.6877,46.7219,28.08,7,1.04,4,20-06-2022 13:47:15
151,359792,Aswān,EG,24.0934,32.907,27.61,21,5.14,0,20-06-2022 13:51:26
152,2446796,Bilma,NE,18.6853,12.9164,28.76,14,5.29,0,20-06-2022 13:51:27
153,3652584,Puyo,EC,-1.4667,-77.9833,17.75,98,1.1,87,20-06-2022 13:51:28
154,5546220,Saint George,US,37.1041,-113.5841,26.33,8,3.6,0,20-06-2022 13:51:28
155,3386177,Trairi,BR,-3.2778,-39.2689,24.43,91,4.77,3,20-06-2022 13:49:42
156,3374083,Bathsheba,BB,13.2167,-59.5167,27.34,74,7.72,40,20-06-2022 13:51:30
157,2381334,Atar,MR,20.5169,-13.0499,25.4,77,2.32,99,20-06-2022 13:51:30
158,3592086,Ocós,GT,14.5094,-92.1933,24.85,90,5.3,100,20-06-2022 13:51:31
159,3604251,Olanchito,HN,15.5,-86.5667,23.91,98,0.94,100,20-06-2022 13:51:32
160,1224061,Wattegama,LK,6.7989,81.4808,30.4,56,2.72,100,20-06-2022 13:51:33
161,3694112,Paita,PE,-5.0892,-81.1144,17.44,85,5.63,26,20-06-2022 13:51:34
162,3174050,Province of Mantua,IT,45.1667,10.7833,19.59,83,1.64,0,20-06-2022 13:51:34
163,1252908,Wāshīm,IN,20.1,77.15,28.21,64,4.75,100,20-06-2022 13:51:35
164,5962442,Goderich,CA,43.7501,-81.7165,14.18,58,1.54,100,20-06-2022 13:51:36
165,1262260,Nagapattinam,IN,10.7667,79.8333,31.5,56,3.48,100,20-06-2022 13:51:37
166,2065594,Mount Isa,AU,-20.7333,139.5,24.87,22,4.12,100,20-06-2022 13:51:37
167,153955,Micheweni,TZ,-4.9667,39.8333,24.42,76,5.41,95,20-06-2022 13:51:38
168,3674702,Miranda,CO,3.2499,-76.2281,21.07,94,1.97,78,20-06-2022 13:51:39
169,1625929,Sungai Penuh,ID,-2.0833,101.3833,19.33,94,0.39,100,20-06-2022 13:51:39
170,3576994,Cockburn Town,TC,21.4612,-71.1419,27.28,79,9.54,100,20-06-2022 13:51:06
171,3932145,Pisco,PE,-13.7,-76.2167,16.03,88,1.54,75,20-06-2022 13:51:41
172,1253628,Ginda,IN,30.6945,78.4932,23.6,44,2.23,25,20-06-2022 13:51:41
173,3692020,Saquena,PE,-4.6667,-73.5167,21.55,98,0.64,62,20-06-2022 13:51:42
174,1185239,Mathbaria,BD,22.2876,89.9593,30.57,68,4.21,99,20-06-2022 13:51:43
175,3620266,Corn Island,NI,12.1694,-83.0418,28.03,77,5.66,100,20-06-2022 13:49:31
176,2374583,Bubaque,GW,11.2833,-15.8333,26.67,78,8.33,100,20-06-2022 13:51:45
177,4228452,Villa Rica,US,33.7321,-84.9191,18.23,99,1.67,7,20-06-2022 13:51:45
178,3665202,Aripuanã,BR,-9.1667,-60.6333,21.71,72,0.69,26,20-06-2022 13:51:46
179,1636022,Martapura,ID,-3.4167,114.85,31.05,62,5.14,40,20-06-2022 13:51:47
180,3439389,Asunción,PY,-25.3007,-57.6359,15.69,82,1.03,75,20-06-2022 13:49:24
181,3386213,Touros,BR,-5.1989,-35.4608,23.13,89,3.96,41,20-06-2022 13:49:53
182,1737185,Kapit,MY,2.0167,112.9333,30.03,65,0.83,76,20-06-2022 13:51:49
183,3671437,Caucayá,CO,-0.1934,-74.7819,21.58,99,0.54,95,20-06-2022 13:51:50
184,1071296,Antalaha,MG,-14.9003,50.2788,21.23,85,4.69,63,20-06-2022 13:51:50
185,2075265,Busselton,AU,-33.65,115.3333,17.72,76,5.05,83,20-06-2022 13:51:51
186,1648636,Bitung,ID,1.4451,125.1824,32.47,77,5.16,98,20-06-2022 13:51:52
187,1855342,Nishihara,JP,26.1842,127.7558,30.4,81,6.69,75,20-06-2022 13:51:53
188,211647,Lodja,CD,-3.4833,23.4333,19.29,98,0.79,83,20-06-2022 13:51:54
189,376332,Doka,SD,13.5167,35.7667,23.14,76,6.11,100,20-06-2022 13:51:55
190,3438102,Fuerte Olimpo,PY,-21.0415,-57.8738,18.81,71,1.31,80,20-06-2022 13:51:55
191,2084442,Vanimo,PG,-2.6741,141.3028,29.3,65,3.38,63,20-06-2022 13:51:56
192,3407762,Amapá,BR,1.0,-52.0,21.19,99,0.48,34,20-06-2022 13:51:57
193,1000501,Grahamstown,ZA,-33.3042,26.5328,7.85,88,0.69,99,20-06-2022 13:51:58
194,1684245,Tagusao,PH,9.1924,117.8141,30.17,67,1.99,19,20-06-2022 13:51:59
195,2313084,Mangai,CD,-4.05,19.5333,21.65,74,0.36,94,20-06-2022 13:51:59
196,226361,Sembabule,UG,-0.0772,31.4567,15.76,91,1.58,99,20-06-2022 13:52:00
197,3450188,Santa Isabel,BR,-23.3156,-46.2214,15.61,99,1.07,68,20-06-2022 13:52:01
198,3382867,Totness,SR,5.8833,-56.3167,24.36,93,3.01,100,20-06-2022 13:52:02
199,3358666,Aranos,NA,-24.1333,19.1167,9.64,57,2.27,75,20-06-2022 13:52:02
200,1295765,Sittwe,MM,20.15,92.9,26.29,86,1.72,100,20-06-2022 13:52:04
201,4172173,Satellite Beach,US,28.1761,-80.5901,26.36,85,3.6,20,20-06-2022 13:52:04
202,1861280,Itoman,JP,26.1247,127.6694,30.25,82,6.69,75,20-06-2022 13:52:05
203,3395042,Mazagão,BR,-0.115,-51.2894,25.03,96,1.52,10,20-06-2022 13:52:06
204,3571913,Marsh Harbour,BS,26.5412,-77.0636,28.15,70,2.32,99,20-06-2022 13:52:07
205,1842966,Gijang,KR,35.2442,129.2139,28.85,77,5.24,100,20-06-2022 13:52:08
206,4021858,Guerrero Negro,MX,27.9769,-114.0611,17.95,76,7.33,0,20-06-2022 13:52:08
207,172515,Abu Samrah,SY,35.3029,37.1841,20.92,48,3.89,0,20-06-2022 13:52:09
208,1185095,Teknāf,BD,20.8624,92.3058,26.38,88,2.68,100,20-06-2022 13:52:10
209,1623180,Tuban,ID,-6.8976,112.0649,29.52,66,1.6,31,20-06-2022 13:52:11
210,4005297,Guamúchil,MX,25.4667,-108.1,28.19,75,3.06,98,20-06-2022 13:52:12
211,1650434,Bambanglipuro,ID,-7.95,110.2833,29.5,66,6.11,24,20-06-2022 13:52:13
212,3405215,Bonfim,BR,3.0833,-59.95,23.89,88,2.42,100,20-06-2022 13:52:13
213,2299236,Kpandae,GH,8.4689,-0.0113,22.09,95,1.62,17,20-06-2022 13:52:14
214,8079926,Labuhan,ID,-6.8844,112.2051,29.6,67,1.15,35,20-06-2022 13:52:15
215,3697441,El Alto,PE,-4.2714,-81.2147,17.59,79,7.56,22,20-06-2022 13:52:15
216,292968,Abu Dhabi,AE,24.4667,54.3667,34.14,52,5.66,23,20-06-2022 13:52:16
217,3522880,Mundo Nuevo (Ojo de Agua),MX,18.7,-95.5,25.1,83,0.11,91,20-06-2022 13:52:17
218,3347853,Longonjo,AO,-12.9067,15.2533,10.52,91,0.75,60,20-06-2022 13:52:18
219,1631637,Pemangkat,ID,1.1667,108.9667,29.65,65,1.52,7,20-06-2022 13:52:18
220,3698359,Chicama,PE,-7.8447,-79.1469,15.3,85,2.74,24,20-06-2022 13:52:19
221,342641,Batī,ET,11.1833,40.0167,22.2,47,3.0,100,20-06-2022 13:52:20
222,64013,Bosaso,SO,11.2842,49.1816,33.64,36,9.31,83,20-06-2022 13:52:21
223,133595,Gerāsh,IR,27.6652,54.1371,27.08,23,0.68,1,20-06-2022 13:52:21
224,3833062,Venado Tuerto,AR,-33.7456,-61.9688,7.09,45,2.32,100,20-06-2022 13:52:22
225,2294915,Takoradze,GH,4.8845,-1.7554,24.13,91,1.73,94,20-06-2022 13:52:23
226,1015621,Brits,ZA,-25.6347,27.7802,12.92,61,2.92,0,20-06-2022 13:52:23
227,3391889,Pitimbu,BR,-7.4706,-34.8086,23.33,86,4.07,13,20-06-2022 13:52:24
228,107304,Buraidah,SA,26.326,43.975,30.25,11,3.88,5,20-06-2022 13:50:23
229,2098329,Daru,PG,-9.0763,143.2092,25.78,87,6.52,100,20-06-2022 13:52:25
230,3671519,Puerto Carreño,CO,6.189,-67.4859,22.77,94,2.73,100,20-06-2022 13:52:26
231,1623197,Tual,ID,-5.6667,132.75,26.91,76,3.37,100,20-06-2022 13:52:27
232,1701054,Marawi,PH,7.9986,124.2928,25.44,82,1.32,74,20-06-2022 13:52:28
233,3359736,Vredendal,ZA,-31.6683,18.5012,9.93,66,3.12,6,20-06-2022 13:52:28
234,3470709,Barra do Garças,BR,-15.89,-52.2567,20.88,55,1.18,0,20-06-2022 13:52:29
235,236901,Ouadda,CF,8.0777,22.4007,17.87,98,0.9,94,20-06-2022 13:52:30
236,58933,Garoowe,SO,8.4054,48.4845,24.32,58,11.9,87,20-06-2022 13:52:30
237,3440714,Salto,UY,-31.3833,-57.9667,4.93,100,0.89,5,20-06-2022 13:49:09
238,1255816,Sompeta,IN,18.9333,84.6,33.25,58,5.29,99,20-06-2022 13:52:32
239,5110365,Broome,US,42.2506,-75.833,8.36,78,1.45,2,20-06-2022 13:52:33
240,4688506,El Campo,US,29.1966,-96.2697,25.87,83,0.0,0,20-06-2022 13:52:34
241,1804169,Lengshuijiang,CN,27.6881,111.4294,28.48,83,1.41,89,20-06-2022 13:52:34
242,4513583,Hamilton,US,39.1834,-84.5333,17.13,67,0.0,0,20-06-2022 13:52:35
243,2428231,Massaguet,TD,12.4755,15.4365,28.32,54,4.91,100,20-06-2022 13:52:36
244,1607551,Phrae,TH,18.0833,100.0,30.37,55,3.09,20,20-06-2022 13:52:37
245,3353383,Rundu,NA,-17.9333,19.7667,10.97,60,2.22,8,20-06-2022 13:52:37
246,361058,Alexandria,EG,31.2156,29.9553,21.98,78,2.57,40,20-06-2022 13:52:38
247,3664716,Canutama,BR,-6.5339,-64.3831,22.8,73,0.62,100,20-06-2022 13:52:39
248,159071,Iringa,TZ,-7.7667,35.7,8.32,93,2.28,52,20-06-2022 13:52:39
249,3870243,Taltal,CL,-25.4,-70.4833,13.26,81,1.67,13,20-06-2022 13:52:40
250,3466165,Cidreira,BR,-30.1811,-50.2056,10.7,81,2.59,0,20-06-2022 13:52:41
251,3395122,Matinha,BR,-3.1006,-45.0336,22.34,98,1.49,43,20-06-2022 13:52:42
252,5354943,Half Moon Bay,US,37.4636,-122.4286,14.12,77,9.77,0,20-06-2022 13:52:42
253,212902,Kindu,CD,-2.95,25.95,19.37,99,1.08,99,20-06-2022 13:52:43
254,2449066,Tombouctou,ML,20.0,-3.0,30.55,39,2.64,89,20-06-2022 13:52:44
255,3444201,Puerto Quijarro,BO,-17.7833,-57.7667,20.63,78,0.7,0,20-06-2022 13:52:45
256,3448903,São João da Barra,BR,-21.6403,-41.0511,19.9,76,1.78,64,20-06-2022 13:52:45
257,3675504,Manaure,CO,11.7751,-72.4445,27.28,71,6.87,21,20-06-2022 13:52:46
258,933995,Souillac,MU,-20.5167,57.5167,19.21,88,2.06,40,20-06-2022 13:52:47
259,1235846,Matara,LK,5.9485,80.5353,28.56,70,4.89,87,20-06-2022 13:52:47
260,3703239,Pedasí,PA,7.5333,-80.0333,25.59,80,3.44,87,20-06-2022 13:52:48
261,1729469,Baculin,PH,7.4525,126.5842,29.34,73,3.06,47,20-06-2022 13:52:49
262,3386931,Tamandaré,BR,-8.7597,-35.1047,23.56,88,2.29,12,20-06-2022 13:52:50
263,3669087,Pueblo Bello,CO,8.2041,-76.526,22.49,97,2.03,100,20-06-2022 13:52:51
264,1651531,Ambon City,ID,-3.6954,128.1814,31.08,66,2.57,20,20-06-2022 13:52:51
265,153046,Msanga,TZ,-6.05,36.0333,13.17,86,1.66,53,20-06-2022 13:52:52
266,1035025,Nacala,MZ,-14.5428,40.6728,17.47,82,3.02,1,20-06-2022 13:52:53
267,1855540,Naze,JP,28.3667,129.4833,25.51,81,5.47,99,20-06-2022 13:52:54
268,2381972,Adrar,MR,20.5022,-10.0711,27.41,57,5.1,95,20-06-2022 13:52:54
269,3981391,Tomatlán,MX,19.9333,-105.25,26.35,77,1.32,51,20-06-2022 13:52:55
270,1686545,Silanga,PH,11.8181,124.8431,30.48,64,1.42,93,20-06-2022 13:52:56
271,3038789,Abbeville,FR,50.1,1.8333,13.25,93,4.8,100,20-06-2022 13:52:57
272,3374351,Pombas,CV,17.1503,-25.0201,22.88,88,5.01,83,20-06-2022 13:52:57
273,5367788,Lompoc,US,34.6391,-120.4579,14.28,72,6.17,0,20-06-2022 13:52:58
274,3395458,Maragogi,BR,-9.0122,-35.2225,23.35,88,1.68,31,20-06-2022 13:52:59
275,934517,Flic en Flac,MU,-20.2742,57.3631,19.31,73,4.71,2,20-06-2022 13:52:59
276,56335,Giohar,SO,2.7809,45.5005,23.91,83,5.45,40,20-06-2022 13:53:00
277,3369157,Cape Town,ZA,-33.9258,18.4232,12.55,73,4.12,0,20-06-2022 13:48:26
278,4149635,Callaway,US,30.153,-85.5699,27.9,80,3.09,75,20-06-2022 13:53:01
279,2276492,Harper,LR,4.375,-7.7169,24.89,82,2.24,79,20-06-2022 13:53:03
280,1269179,Jasdan,IN,22.0333,71.2,30.88,61,6.72,55,20-06-2022 13:53:04
281,3939168,Huarmey,PE,-10.0681,-78.1522,16.97,86,5.28,14,20-06-2022 13:53:04
282,86049,Jalu,LY,29.0331,21.5482,24.85,41,2.19,0,20-06-2022 13:53:05
283,988698,Knysna,ZA,-34.0363,23.0471,10.45,80,1.89,5,20-06-2022 13:53:06
284,1151073,Prachuap Khiri Khan,TH,12.2167,99.75,31.43,43,1.3,63,20-06-2022 13:53:07
285,1635882,Mataram,ID,-8.5833,116.1167,26.45,71,5.36,31,20-06-2022 13:53:07
286,1795565,Shenzhen,CN,22.5455,114.0683,30.08,89,6.07,100,20-06-2022 13:52:33
287,3354077,Opuwo,NA,-18.0607,13.84,5.94,89,2.44,2,20-06-2022 13:53:09
288,933088,Serowe,BW,-22.3833,26.7167,11.5,59,4.09,0,20-06-2022 13:53:10
289,4301317,Morehead,US,37.2711,-87.1764,16.96,89,0.0,0,20-06-2022 13:53:11
290,3995647,Moctezuma,MX,29.8,-109.6667,22.15,80,1.49,100,20-06-2022 13:53:12
291,6541905,Nola,IT,40.922,14.5329,19.91,76,2.68,0,20-06-2022 13:53:13
292,2062276,Roebourne,AU,-20.7833,117.1333,26.39,36,7.48,0,20-06-2022 13:53:13
293,3663516,Mâncio Lima,BR,-7.6142,-72.8958,22.04,100,1.03,0,20-06-2022 13:53:14
294,3347019,Mossamedes,AO,-15.1961,12.1522,14.54,84,1.89,0,20-06-2022 13:51:15
295,286621,Salalah,OM,17.0151,54.0924,26.98,88,4.62,100,20-06-2022 13:53:15
296,2324433,Abonnema,NG,4.7084,6.7931,23.9,91,1.62,100,20-06-2022 13:53:16
297,1043893,Lichinga,MZ,-13.3128,35.2406,11.05,93,3.09,0,20-06-2022 13:53:17
298,1185239,Sarankhola,BD,22.3082,89.7897,29.72,74,3.43,98,20-06-2022 13:53:17
299,2400547,Gamba,GA,-2.65,10.0,22.04,84,3.63,93,20-06-2022 13:53:18
300,1801640,Luzhou,CN,28.8724,105.4405,32.33,56,0.51,66,20-06-2022 13:53:19
301,2249281,Linguère,SN,15.3953,-15.1193,26.12,89,4.12,0,20-06-2022 13:53:19
302,3353871,Otjimbingwe,NA,-22.35,16.1333,8.05,74,1.57,89,20-06-2022 13:53:20
303,3924679,Vilhena,BR,-12.7406,-60.1458,19.16,73,1.28,47,20-06-2022 13:51:58
304,3650312,Valdez,EC,1.2492,-78.9831,25.3,85,3.32,100,20-06-2022 13:53:22
305,2313002,Matadi,CD,-5.8167,13.45,20.86,86,2.37,95,20-06-2022 13:53:23
306,877401,Songea,TZ,-10.6833,35.65,10.18,89,0.55,45,20-06-2022 13:53:24
307,934649,Cap Malheureux,MU,-19.9842,57.6142,20.26,74,0.89,0,20-06-2022 13:53:25
308,88533,Awjilah,LY,29.1081,21.2869,24.75,41,2.26,0,20-06-2022 13:53:26
309,3380290,Sinnamary,GF,5.3833,-52.95,25.14,85,2.07,99,20-06-2022 13:49:52
310,2455290,Kidal,ML,18.4411,1.4078,32.22,27,2.78,84,20-06-2022 13:53:28
311,3401148,Cururupu,BR,-1.8283,-44.8683,23.18,96,1.2,12,20-06-2022 13:53:29
312,3388456,São José da Coroa Grande,BR,-8.8978,-35.1478,23.68,87,2.32,23,20-06-2022 13:53:30
313,3430863,Mar del Plata,AR,-38.0023,-57.5575,6.45,89,0.0,75,20-06-2022 13:53:30
314,1153555,Chumphon,TH,10.3333,98.8333,29.93,58,2.92,77,20-06-2022 13:53:31
315,1337610,Thinadhoo,MV,0.5333,72.9333,28.76,68,4.35,68,20-06-2022 13:53:32
316,3347939,Lobito,AO,-12.3481,13.5456,18.96,80,1.39,99,20-06-2022 13:53:33
317,935214,Saint-Pierre,RE,-21.3393,55.4781,17.77,94,4.63,75,20-06-2022 13:53:34
318,3868633,Vallenar,CL,-28.5708,-70.7581,11.24,74,0.66,100,20-06-2022 13:53:34
319,3724696,Gonaïves,HT,19.45,-72.6833,25.84,79,3.01,26,20-06-2022 13:53:35
320,3443061,Chui,UY,-33.6971,-53.4616,6.34,73,2.41,26,20-06-2022 13:53:36
321,3994469,Ojinaga,MX,29.5667,-104.4167,31.53,42,4.12,0,20-06-2022 13:53:37
322,921786,Mitsamiouli,KM,-11.3847,43.2844,25.15,70,3.56,2,20-06-2022 13:53:37
323,1163054,Turbat,PK,26.0023,63.044,39.8,11,8.26,0,20-06-2022 13:53:38
324,1690039,San Fernando,PH,15.0286,120.6898,34.85,46,2.46,11,20-06-2022 13:53:39
325,904422,Mumbwa,ZM,-14.9783,27.0619,11.72,71,2.61,10,20-06-2022 13:53:40
326,4218882,Rincon,US,32.296,-81.2354,21.36,83,2.57,0,20-06-2022 13:52:29
327,218680,Boende,CD,-0.2167,20.8667,20.14,98,0.37,91,20-06-2022 13:53:41
328,1852357,Shimoda,JP,34.6667,138.95,26.2,88,4.11,100,20-06-2022 13:53:42
329,3533462,Acapulco de Juárez,MX,16.8634,-99.8901,25.42,87,3.59,100,20-06-2022 13:51:48
330,1277939,Bagaha,IN,27.1,84.0833,35.03,42,1.44,15,20-06-2022 13:53:43
331,1276788,Bāsār,IN,27.9833,94.6667,21.48,100,0.48,100,20-06-2022 13:53:44
332,3435810,Campana,AR,-34.1687,-58.9591,8.27,63,1.09,100,20-06-2022 13:53:45
333,2646557,Horsham,GB,51.064,-0.3272,11.78,80,4.63,0,20-06-2022 13:53:45
334,1250161,Batticaloa,LK,7.7102,81.6924,29.18,69,1.29,100,20-06-2022 13:53:46
335,3664243,Feijó,BR,-8.1642,-70.3536,21.71,89,0.52,14,20-06-2022 13:53:47
336,6690297,Saint-Leu,RE,-21.15,55.2833,17.48,69,7.35,17,20-06-2022 13:53:47
337,3450083,Santa Maria,BR,-29.6842,-53.8069,5.61,100,1.03,0,20-06-2022 13:49:26
338,5391295,Salinas,US,36.6777,-121.6555,16.56,55,3.6,0,20-06-2022 13:50:50
339,234077,Busia,UG,0.4544,34.0758,16.95,93,1.82,100,20-06-2022 13:53:49
340,1082243,Ambilobe,MG,-13.2,49.05,21.43,75,1.78,15,20-06-2022 13:53:50
341,3461134,Iperó,BR,-23.3503,-47.6886,12.79,92,2.46,94,20-06-2022 13:53:51
342,1282666,Ṭikāpur,NP,28.5,81.1333,35.35,31,0.84,80,20-06-2022 13:53:52
343,3385899,Tutóia,BR,-2.7619,-42.2744,24.63,91,3.38,1,20-06-2022 13:53:53
344,70979,Sayyan,YE,15.1718,44.3244,19.6,39,1.55,75,20-06-2022 13:53:53
345,3512128,Bajos de Haina,DO,18.4154,-70.0332,25.45,88,0.0,20,20-06-2022 13:53:54
346,1269291,Jamūī,IN,24.9167,86.2167,35.77,40,3.99,73,20-06-2022 13:53:55
347,3454005,Piaçabuçu,BR,-10.4056,-36.4344,23.48,89,3.93,13,20-06-2022 13:53:55
348,5261790,Marathon,US,44.9,-89.7668,21.94,53,4.12,0,20-06-2022 13:53:56
349,3988265,Sahuaripa,MX,29.05,-109.2333,25.39,67,2.25,100,20-06-2022 13:53:57
350,4172445,Seminole,US,28.7086,-81.2081,25.0,93,1.54,75,20-06-2022 13:53:58
351,941931,Warrenton,ZA,-28.114,24.8475,9.76,48,2.59,2,20-06-2022 13:53:58
352,1696105,Palimbang,PH,6.2106,124.1894,27.23,85,2.62,89,20-06-2022 13:53:59
353,2407660,Koidu,SL,8.4167,-10.8333,20.33,99,0.79,55,20-06-2022 13:54:00
354,153709,Mwandiga,TZ,-4.83,29.6581,20.95,79,2.04,93,20-06-2022 13:54:01
355,3610912,El Pedernal,HN,14.7,-87.1167,21.86,92,0.89,100,20-06-2022 13:54:02
356,337405,Gambēla,ET,8.25,34.5833,20.06,98,0.87,100,20-06-2022 13:54:03
357,1831125,Kampong Thom,KH,12.7111,104.8887,32.74,59,3.02,61,20-06-2022 13:54:04
358,3374120,Vila do Maio,CV,15.1333,-23.2167,23.84,93,5.47,100,20-06-2022 13:54:05
359,3470137,Belmonte,BR,-15.8631,-38.8828,21.64,86,3.75,20,20-06-2022 13:54:06
360,2038421,Bayan,CN,46.0833,127.4,29.03,43,5.5,84,20-06-2022 13:54:06
361,933077,Shakawe,BW,-18.3667,21.85,12.0,54,2.78,13,20-06-2022 13:54:07
362,57000,Hobyo,SO,5.3505,48.5268,25.86,78,10.42,38,20-06-2022 13:54:08
363,3464219,Engenheiro Beltrão,BR,-23.7972,-52.2692,12.76,96,1.11,71,20-06-2022 13:54:09
364,3604189,Apacilagua,HN,13.4797,-87.0755,23.8,99,0.3,100,20-06-2022 13:54:09
365,3663503,Manicoré,BR,-5.8092,-61.3003,23.97,94,0.51,0,20-06-2022 13:54:10
366,2384770,Mbaïki,CF,3.8678,17.9892,18.73,99,0.9,93,20-06-2022 13:54:12
367,2367164,Dapaong,TG,10.8639,0.205,24.33,79,2.31,14,20-06-2022 13:54:12
368,3382226,Camopi,GF,3.1655,-52.3158,21.14,99,0.58,89,20-06-2022 13:54:13
369,3984078,Santa María del Oro,MX,25.9333,-105.3667,21.75,56,1.95,94,20-06-2022 13:54:14
370,1028434,Quelimane,MZ,-17.8786,36.8883,17.97,94,2.06,0,20-06-2022 13:54:15
371,3723779,Jacmel,HT,18.2342,-72.5347,27.91,78,0.94,97,20-06-2022 13:54:15
372,1626932,Singaraja,ID,-8.112,115.0882,29.01,70,1.23,62,20-06-2022 13:54:16
373,2354265,Toma,BF,12.7667,-2.8833,27.9,60,3.45,3,20-06-2022 13:54:17
374,1263752,Māngrol,IN,21.1167,70.1167,30.22,73,6.79,78,20-06-2022 13:54:17
375,2068655,Katherine,AU,-14.4667,132.2667,30.18,37,6.69,97,20-06-2022 13:54:18
376,1168700,Ormara,PK,25.2088,64.6357,28.46,84,9.39,20,20-06-2022 13:54:19
377,3836669,San Rafael,AR,-34.6177,-68.3301,5.73,44,1.1,46,20-06-2022 13:50:55
378,1847947,Shingū,JP,33.7333,135.9833,24.99,86,2.39,100,20-06-2022 13:54:20
379,3470821,Barra,BR,-11.0894,-43.1417,22.06,50,3.48,45,20-06-2022 13:54:21
380,2077895,Alice Springs,AU,-23.7,133.8833,23.75,23,3.09,0,20-06-2022 13:53:35
381,2410048,Bo,SL,7.9647,-11.7383,20.97,96,0.8,9,20-06-2022 13:54:22
382,2392087,Porto-Novo,BJ,6.4965,2.6036,25.9,89,1.48,100,20-06-2022 13:54:23
383,3408368,Acaraú,BR,-2.8856,-40.12,24.69,89,4.76,1,20-06-2022 13:54:23
384,2258378,Loandjili,CG,-4.7561,11.8578,21.06,100,1.54,20,20-06-2022 13:54:24
385,1863495,Gushikawa,JP,26.3544,127.8686,30.86,76,6.69,40,20-06-2022 13:54:25
386,2374688,Bolama,GW,11.5833,-15.4667,25.19,80,6.07,100,20-06-2022 13:54:26
387,3933874,Oxapampa,PE,-10.5775,-75.4017,13.96,96,0.79,71,20-06-2022 13:54:26
388,1717348,Claveria,PH,18.6074,121.0832,30.73,69,2.52,74,20-06-2022 13:54:27
389,3430708,Mercedes,AR,-34.6515,-59.4307,8.55,52,1.9,100,20-06-2022 13:54:28
390,2112309,Katsuura,JP,35.1333,140.3,24.14,85,7.54,100,20-06-2022 13:54:29
391,2214827,Mizdah,LY,31.4451,12.9801,19.58,71,2.27,0,20-06-2022 13:51:14
392,3459352,Ladário,BR,-19.0047,-57.6017,20.06,79,0.94,0,20-06-2022 13:54:30
393,3587498,Acajutla,SV,13.5928,-89.8275,25.79,84,3.31,100,20-06-2022 13:54:31
394,53372,Oodweyne,SO,9.4092,45.064,22.24,54,9.4,35,20-06-2022 13:54:32
395,1260206,Pāsighāt,IN,28.0667,95.3333,23.73,98,0.63,100,20-06-2022 13:54:32
396,5392900,Santa Ana,US,33.7456,-117.8678,20.85,61,3.09,0,20-06-2022 13:54:33
397,2512186,Puerto del Rosario,ES,28.5004,-13.8627,20.86,78,8.75,100,20-06-2022 13:54:34
398,1262065,Nalhāti,IN,24.3,87.8167,34.86,45,1.61,99,20-06-2022 13:54:35
399,1274055,Chittarkonda,IN,18.1167,82.0833,29.66,64,2.48,93,20-06-2022 13:54:35
400,3454061,Peruíbe,BR,-24.32,-46.9983,16.63,92,1.42,96,20-06-2022 13:54:36
401,4683416,Corpus Christi,US,27.8006,-97.3964,27.95,78,5.14,0,20-06-2022 13:53:19
402,1791779,Wanning,CN,18.8003,110.3967,31.47,70,6.81,100,20-06-2022 13:54:37
403,2063042,Port Hedland,AU,-20.3167,118.5667,28.03,32,6.69,0,20-06-2022 13:54:38
404,286245,Sur,OM,22.5667,59.5289,32.87,54,2.13,1,20-06-2022 13:54:39
405,1734705,Kuala Terengganu,MY,5.3302,103.1408,30.97,70,2.24,40,20-06-2022 13:54:39
406,934322,Mahébourg,MU,-20.4081,57.7,19.16,88,2.06,40,20-06-2022 13:54:40
407,1694252,Pawa,PH,13.1747,123.7328,30.83,66,2.34,26,20-06-2022 13:54:41
408,2315728,Gemena,CD,3.25,19.7667,19.34,99,0.75,94,20-06-2022 13:54:42
409,3354898,Okahandja,NA,-21.9833,16.9167,7.03,77,4.82,95,20-06-2022 13:54:42
410,3598804,Chajul,GT,15.4853,-91.0342,18.02,99,0.35,100,20-06-2022 13:54:43
411,3691954,Sechura,PE,-5.5569,-80.8222,17.35,83,5.26,34,20-06-2022 13:54:44
412,1161724,Chabahar,IR,25.2919,60.643,29.07,79,0.94,12,20-06-2022 13:54:44
413,2394819,Cotonou,BJ,6.3654,2.4183,25.99,83,4.63,20,20-06-2022 13:54:45
414,3668605,Santa Marta,CO,11.2408,-74.199,25.03,88,2.06,40,20-06-2022 13:54:46
415,5380437,Pacific Grove,US,36.6177,-121.9166,13.87,78,3.13,0,20-06-2022 13:51:14
416,1795632,Shenjiamen,CN,29.9576,122.298,22.92,98,4.63,100,20-06-2022 13:54:47
417,3517970,Pochutla,MX,15.7432,-96.4661,26.01,91,1.36,100,20-06-2022 13:54:48
418,3468352,Caçu,BR,-18.5567,-51.1308,19.6,78,1.74,0,20-06-2022 13:54:49
419,5106841,Albany,US,42.6001,-73.9662,13.19,61,2.68,2,20-06-2022 13:54:50
420,3428068,San Vicente,AR,-26.6167,-54.1333,9.58,98,0.76,27,20-06-2022 13:51:15
421,3652758,Puerto Baquerizo Moreno,EC,-0.9,-89.6,21.26,90,5.18,91,20-06-2022 13:54:51
422,1270670,Guntakal,IN,15.1667,77.3833,28.39,58,6.6,100,20-06-2022 13:54:52
423,3404558,Cabedelo,BR,-6.9811,-34.8339,23.37,86,4.46,17,20-06-2022 13:54:52
424,2327879,Offa,NG,8.15,4.7167,20.92,99,2.12,97,20-06-2022 13:54:53
425,966380,Pampierstad,ZA,-27.7832,24.6877,11.46,47,3.74,0,20-06-2022 13:54:54
426,3662342,São Gabriel da Cachoeira,BR,-0.1303,-67.0892,22.35,97,1.01,100,20-06-2022 13:54:55
427,1262824,Mon,IN,26.75,95.1,25.82,83,0.64,86,20-06-2022 13:54:55
428,2394560,Djougou,BJ,9.7085,1.666,21.49,96,1.54,35,20-06-2022 13:54:56
429,230893,Kitgum,UG,3.2783,32.8867,16.48,98,0.95,90,20-06-2022 13:54:57
430,2742416,Barcelos,PT,41.5388,-8.6151,13.63,92,1.4,27,20-06-2022 13:54:58
431,2406473,Makali,SL,8.6333,-11.6667,19.76,99,0.27,42,20-06-2022 13:54:59
432,6690296,Saint-Joseph,RE,-21.3667,55.6167,17.21,75,6.37,68,20-06-2022 13:55:00
433,1266433,Kuchinda,IN,21.7333,84.35,32.17,53,5.15,79,20-06-2022 13:55:01
434,3669929,San Estanislao,CO,10.3983,-75.1511,24.75,92,2.13,99,20-06-2022 13:55:01
435,102527,Sakakah,SA,29.9697,40.2064,29.76,19,1.97,0,20-06-2022 13:55:02
436,3489440,Morant Bay,JM,17.8815,-76.4093,27.79,85,4.28,100,20-06-2022 13:55:03
437,2431736,Goundi,TD,9.3627,17.366,21.57,87,1.11,100,20-06-2022 13:55:04
438,927246,Mangochi,MW,-14.4782,35.2645,14.62,88,2.88,0,20-06-2022 13:55:04
439,4997130,Ingham,US,42.6,-84.3833,17.17,73,3.09,0,20-06-2022 13:55:05
440,3430545,Morón,AR,-34.6534,-58.6198,8.74,65,1.29,100,20-06-2022 13:55:06
441,3351663,Benguela,AO,-12.5763,13.4055,17.81,84,1.34,90,20-06-2022 13:55:07
442,3925212,Cacoal,BR,-11.4386,-61.4472,21.24,81,1.39,9,20-06-2022 13:55:07
443,5117949,Freeport,US,40.6576,-73.5832,17.0,51,6.69,0,20-06-2022 13:50:55
444,3354876,Okakarara,NA,-20.5833,17.4333,5.91,67,1.17,18,20-06-2022 13:55:08
445,1254390,Tiruchchendur,IN,8.4833,78.1167,30.16,61,1.93,97,20-06-2022 13:55:09
446,1214026,Sabang,ID,5.8933,95.3214,27.91,73,1.2,72,20-06-2022 13:55:10
447,1648186,Bontang,ID,0.1333,117.5,29.1,68,1.36,45,20-06-2022 13:55:11
448,3381041,Mana,GF,5.6592,-53.7767,24.91,88,2.29,100,20-06-2022 13:55:11
449,1213855,Sibolga,ID,1.7427,98.7792,29.54,64,2.12,82,20-06-2022 13:54:08
450,2409914,Bonthe,SL,7.5264,-12.505,24.84,76,1.66,7,20-06-2022 13:55:13
451,1805528,Jinhua,CN,29.1078,119.6547,25.06,93,1.8,100,20-06-2022 13:55:13
452,3520994,Puerto Escondido,MX,15.85,-97.0667,26.25,86,1.31,100,20-06-2022 13:55:14
453,3712505,Chepo,PA,9.1667,-79.1,26.07,95,1.28,99,20-06-2022 13:55:15
454,1242110,Kalmunai,LK,7.4167,81.8167,29.31,70,1.78,97,20-06-2022 13:55:15
455,2643044,Margate,GB,51.3813,1.3862,13.49,77,3.13,84,20-06-2022 13:55:16
456,1715335,Davila,PH,18.4726,120.5763,31.99,69,3.05,30,20-06-2022 13:55:17
457,336454,Ginir,ET,7.1333,40.7,13.56,79,2.26,32,20-06-2022 13:55:18
458,3467305,Capelinha,BR,-17.6914,-42.5158,14.11,96,2.06,23,20-06-2022 13:55:18
